{"hours_14d": {"A1": 32.31666666666667, "B2": 32.099999999999994}, "doubles_10d": {}, "overtime_7d": {"A1": 0.0, "B2": 0.0}, "bells_p95": 600.0, "interruptions_per_hr": 0.35502958579881655}