{"bells_p95":600.0,"doubles_10d":{},"hours_14d":{"A1":32.31666666666667,"B2":32.099999999999994},"interruptions_per_hr":0.35502958579881655,"overtime_7d":{"A1":0.0,"B2":0.0}}